	context	monotonicity	determiner	replace_target	replace_source	replace_mode	label
14813	In his speech , he cast aspersions on all x except his own .	down					
11412	He was known to every x in the village .	down					
7107	There is no simple solution for this x .	down					
10179	Liisa calls Markku up every now and x .	down					
2258	He paid no x to my advice .	down					
12041	There are exceptions to every x .	down					
10166	Clinton , who tops every national poll of likely 2008 Democratic presidential x , has been criticized by many party activists for refusing to recant her 2002 vote authorizing military action in Iraq .	down					
11263	He was known to every x in the village .	down					
15170	Gonzales offers a bike to all his x in Europe .	down					
7867	There is no cloud in the x .	down					
3036	Good wine needs no x .	down					
2123	You have no reply to lettex .	down					
15805	I think the following rule is valid for all x : the more words you put in use , the more polite it sounds .	down					
607	She made no response to my x .	down					
10015	Every one but x laughed .	down					
2551	Good wine needs no x .	down					
17405	Tom has n't lost any x even though he says he 's been dieting .	down					
17140	Tom told me that he could come on any x but Tuesx .	down					
3129	Good wine needs no x .	down					
12361	The name of this statesman is known to every x in Japan .	down					
8701	He still has no experience for this x .	down					
820	She had no other x but to marry the old man .	down					
14464	This shop sells articles of all x .	down					
2673	Good wine needs no x .	down					
12375	The name of this statesman is known to every x in Japan .	down					
1047	I had no idea that Tom knew so much about x .	down					
2174	You have no reply to x .	down					
16321	The government are being criticised from all x .	down					
8950	I can not rinse the dishes . There is no x .	down					
12315	The name of this statesman is known to every x in Japan .	down					
8448	I had no idea you were a x .	down					
4268	There is no limit to human x .	down					
6449	He said there was no life on x .	down					
17163	I 'm sorry , I have n't any x .	down					
1914	The cat meant no x .	down					
11388	He was known to every x in the village .	down					
5764	My disagreement with Tom is no x .	down					
13365	The name of this statesman is known to every x in Japan .	down					
1441	There were no x in those days .	down					
17244	Everyone has the right to the protection of the moral and material interests resulting from any scientific , literary or artistic production of which he is the x .	down					
4041	I have no time for x .	down					
2651	Good wine needs no x .	down					
3274	There is no regular boat service to the x .	down					
6111	His uncle owns no fewer than ten x .	down					
4225	Tom has no x at~all on Monday .	down					
10084	Tom brushes his teeth after every x .	down					
3662	He took no photos of the x .	down					
7938	It makes no x to me who wins .	down					
16104	All x die . Tom is a man . Therefore , Tom will die .	down					
1837	If there 's no x , there 's no whisky .	down					
2449	Good wine needs no x .	down					
6900	There is no air on the x .	down					
5279	Hey , I may have no x , but I still have my pride .	down					
14102	Before it gets out in the media , I 'd like to announce to all my x that I 'm pregnant .	down					
777	I can not x the backyard . There is no x .	down					
11548	He was known to every x in the village .	down					
8954	I can not rinse the dishes . There is no x .	down					
14066	The real queen was now restored to all her x , and was beloved by all .	down					
791	There are no beaches in this x .	down					
14975	For a book to sell well , there needs to be a pretty x on the cover , and the book will sell all the better , the less cover there is on the pretty x .	down					
9315	I have no objection to your x .	down					
7746	Some Canadian territories have almost no x .	down					
4620	Tom showed no x .	down					
14510	After winning all the x , he got the title of champion .	down					
5216	Tom has no x .	down					
6768	There being no x , we had to walk all the way .	down					
17053	The people can always be brought to the bidding of the leaders . That is easy . It works the same way in any x .	down					
3878	There are no x yet .	down					
2836	Good wine needs no x .	down					
6561	With such friends , one needs no x .	down					
14838	In his speech , he cast aspersions on all x except his own .	down					
6668	There is no new thing under the x .	down					
7152	Tom realized he had no x .	down					
14262	Everywhere he went , he taught x non-violence .	down					
5547	Everyone believes his story since there is no x to the contrary .	down					
1995	You have no reply to x .	down					
4419	There would be no x .	down					
2754	Good wine needs no x .	down					
7595	Tokyo wasted no time in taking x .	down					
11342	He was known to every x in the village .	down					
7303	There is no cure for x .	down					
14619	Thanks to you , I spent all my x .	down					
9946	Money opens each x .	down					
5974	Pierre Beregovoy , until a month ago Prime Minister of France , apparently left no x when he shot himself on Saturday with a borrowed gun .	down					
6974	There are no cars on the x .	down					
15903	He remained poor x .	down					
3977	The efforts brought about no x .	down					
4808	There is no god but x . Muhammad is the messenger of x .	down					
6458	He said there was no life on x .	down					
6646	There is no need for him to x .	down					
13932	He ate x .	down					
5637	Tom said he was so full he had no room left for x .	down					
9521	My tree had a few blossoms but no x .	down					
16285	The government are being criticised from all x .	down					
12885	The name of this statesman is known to every x in Japan .	down					
2376	I tried to get it , but to no x .	down					
10829	He was known to every x in the village .	down					
4070	We have no more x .	down					
17565	None of the boys paid any x to Mary .	down					
14652	There is always the risk of losing all the x on your hard disk .	down					
5932	Pierre Beregovoy , until a month ago Prime Minister of France , apparently left no x when he shot himself on Saturday with a borrowed gun .	down					
9225	This soup has no x .	down					
7202	There is no dress x .	down					
3793	You have no new x .	down					
866	The police found no x .	down					
10300	I made use of every opportunity to improve my x .	down					
17701	He 's just as industrious as any other x when he 's in class .	down					
3018	Good wine needs no x .	down					
11740	He was known to every x in the village .	down					
2612	Good wine needs no x .	down					
456	There shall be no x to my malicious plan .	down					
17468	I never had any reason to offend x .	down					
14159	My dog barks all the x .	down					
6054	At the time there were no native English speakers teaching in any public x .	down					
5886	It makes no x to me whether you believe it or not .	down					
7241	Tom is by no x unintelligent . He is just lazy .	down					
13795	Jack was laughed at by all the x .	down					
6259	John has no x here .	down					
10103	He goes to school to study every x .	down					
15663	I had been inculcated with all kinds of wrong x .	down					
7035	Tom has no x .	down					
11268	He was known to every x in the village .	down					
6283	John has no x here .	down					
17131	Tom had no intention of giving Mary any x .	down					
3512	There is no need to reply to that x .	down					
9934	x threw up a cloud of dust .	down					
8938	Tom had no choice but to follow x .	down					
6158	After nine hours of talks , Mr. Vaclav~Klaus admitted no agreement had been reached with Mr. x .	down					
6353	There is x .	down					
13602	Every x bowed to the teacher .	down					
11808	He was known to every x in the village .	down					
14979	I bought all the x .	down					
4758	There are no x in the room .	down					
1632	I was robbed of x .	down					
13176	The name of this statesman is known to every x in Japan .	down					
6688	I gave him a warning , to which he paid no x .	down					
10173	A poet can survive every thing but a x .	down					
10211	Every Sunday the cat sits on the windowsill and watches the x .	down					
16766	I do n't have any x for tomorrow . I 'm going to take it easy .	down					
336	There is no x without electricity and water .	down					
4366	In Esperanto there is no indefinite and only one definite x .	down					
12809	The name of this statesman is known to every x in Japan .	down					
13779	Genocides of the twentieth century killed more people than all the x .	down					
16654	Tom did n't reply to any of Mary 's x .	down					
2761	Good wine needs no x .	down					
4000	The efforts brought about no x .	down					
3269	There is no regular boat service to the x .	down					
5265	I have x now .	down					
4360	In Esperanto there is no indefinite and only one definite x .	down					
13470	The politician had sticky fingers , and 5 % of every contract ended in his x .	down					
6190	After nine hours of talks , Mr. Vaclav~Klaus admitted no agreement had been reached with Mr. x .	down					
10264	There is one rule that works in every x . The poor even help arrange it .	down					
13442	There is a library in every city in x .	down					
7029	Tom has no x .	down					
7233	Tom knows he has no x .	down					
8959	I can not rinse the dishes . There is no x .	down					
7525	Tokyo wasted no time in taking x .	down					
14935	My little~sister is scared of all x .	down					
653	We have no need for x .	down					
12035	I took x .	down					
8101	He has no sense of x .	down					
15965	We have to abolish all x , because they are deadly to mankind .	down					
7461	There are no live x in the museum .	down					
1501	Without the sun there is no x !	down					
8509	Tom has no x .	down					
6059	At the time there were no native English speakers teaching in any public x .	down					
1011	There were no x in the Yukon .	down					
2219	There is no x in the room .	down					
10275	There is one rule that works in every x . The poor even help arrange it .	down					
6838	There is no hope of x .	down					
1265	Tom has no x on .	down					
2958	Good wine needs no x .	down					
2710	Good wine needs no x .	down					
14214	I bought all of these x .	down					
2399	Quick , let 's get started on the project proposal while the idea is still fresh in our minds . There 's no time like the x .	down					
15698	The goal of Spartacus was to gain freedom and to allow all his x to return to their respective homelands of origin , in Thrace , Gaul , Germany .	down					
3221	Good wine needs no x .	down					
12004	He was known to every x in the village .	down					
11366	He was known to every x in the village .	down					
7654	Tokyo wasted no time in taking x .	down					
7186	As far as I know , there are no good books on the x .	down					
6387	There were x no visual signs of spring .	down					
16964	He was glad to avail x to succeed in life .	down					
2460	Good wine needs no x .	down					
16802	In any x you had better obey your parents .	down					
13721	They stole my lover and all the colors of x .	down					
15533	Tom opened all three x .	down					
13966	These books are accessible to all x .	down					
11921	He was known to every x in the village .	down					
4629	Tom showed no x .	down					
1934	The cat meant no x .	down					
8249	There are no x in August .	down					
4736	There are no x in the room .	down					
16241	Tom plans to put new locks on all the x .	down					
2304	There are no real x .	down					
2963	Good wine needs no x .	down					
14785	I put all my x in a plastic bag .	down					
13516	Every body but x smiled .	down					
10969	He was known to every x in the village .	down					
7248	Tom is by no x unintelligent . He is just lazy .	down					
10980	He was known to every x in the village .	down					
6862	There is no x in my room .	down					
11198	He was known to every x in the village .	down					
10771	He was known to every x in the village .	down					
11368	He was known to every x in the village .	down					
15387	The child who ate almost all this x must be very fat .	down					
6048	Pierre Beregovoy , until a month ago Prime Minister of France , apparently left no x when he shot himself on Saturday with a borrowed gun .	down					
16260	Tom plans to put new locks on all the x .	down					
10745	He was known to every x in the village .	down					
17657	Germany decided to not use any more nuclear x .	down					
16653	Tom did n't reply to any of Mary 's x .	down					
7159	As far as I know , there are no good books on the x .	down					
9503	That politician is by no x honest .	down					
731	I can not x the backyard . There is no x .	down					
13808	Jack was laughed at by all the x .	down					
13121	The name of this statesman is known to every x in Japan .	down					
3975	The efforts brought about no x .	down					
275	There is no x without smoke .	down					
1997	You have no reply to x .	down					
15377	The child who ate almost all this x must be very fat .	down					
12619	The name of this statesman is known to every x in Japan .	down					
9823	There are no other x .	down					
15308	President Lincoln wrote all five of these x .	down					
14283	The stars shone all the x .	down					
15849	She devoted all her x to studying Spanish .	down					
6457	He said there was no life on x .	down					
7331	There is no objection on my x .	down					
15627	In the latest report , it is written that x smuggled in the world is transported by sea , and most of that by speedboat .	down					
1125	There is no place like x .	down					
12496	The name of this statesman is known to every x in Japan .	down					
12281	The name of this statesman is known to every x in Japan .	down					
10326	I draw almost every x .	down					
3078	Good wine needs no x .	down					
12311	The name of this statesman is known to every x in Japan .	down					
2608	Good wine needs no x .	down					
6983	Tom has no x .	down					
14636	Tom gave Mary a list of all the x .	down					
251	You have no driving x .	down					
4042	I have no time for x .	down					
7340	There is no objection on my x .	down					
1662	Without your help I would have had no x .	down					
1139	There is no place like x .	down					
491	There is no link between these x .	down					
10774	He was known to every x in the village .	down					
16825	There are few if any such x men .	down					
6943	He offered no specific explanation for his strange x .	down					
4971	He paid no x to my warning .	down					
8067	There is no cure for the common x .	down					
9499	That politician is by no x honest .	down					
14954	My little~sister is scared of all x .	down					
11249	He was known to every x in the village .	down					
767	I can not x the backyard . There is no x .	down					
8763	That boy showed no x .	down					
3904	I understand no English and German even x .	down					
1257	Tom has no x on .	down					
317	Most reasonable people would understand that the government had no x but to make the decision that it did .	down					
4093	There is no more butter in the x .	down					
5390	There is no limit to human x .	down					
14779	His joke made all the class x into laughter .	down					
5203	There is no honor among x .	down					
71	He likes neither baseball nor x .	down					
14906	These books are accessible to all x .	down					
15188	Gonzales offers a bike to all his x in Europe .	down					
10499	There is x .	down					
10735	He was known to every x in the village .	down					
9075	He had no x to help him .	down					
650	There is no living on the x .	down					
9291	There are almost no x .	down					
13451	There is a library in every city in x .	down					
15520	I 'd like to take this opportunity to thank you for all the x you 've placed in us .	down					
7909	We have no x but to compromise .	down					
7363	There is no x in this matter .	down					
2130	You have no reply to x .	down					
620	There is x .	down					
9197	This soup has no x .	down					
7980	There are no x without thorns .	down					
13168	The name of this statesman is known to every x in Japan .	down					
8518	Tom has no x .	down					
10291	I made use of every opportunity to improve my x .	down					
1252	Tom has no x on .	down					
17611	That never made any x to me .	down					
1017	There were no x in the Yukon .	down					
2938	Good wine needs no x .	down					
9665	There is no beach in this x .	down					
8602	There is no time to quarrel over such a x .	down					
4083	There is no more butter in the x .	down					
12402	The name of this statesman is known to every x in Japan .	down					
5092	My efforts produced no x .	down					
11176	He was known to every x in the village .	down					
15822	I think the following rule is valid for all x : the more words you put in use , the more polite it sounds .	down					
7626	Tokyo wasted no time in taking x .	down					
9099	He had no x to help him .	down					
3178	Good wine needs no x .	down					
6265	John has no x here .	down					
1842	The man gave no x to her loud protest .	down					
7701	Tokyo wasted no time in taking x .	down					
1297	God surveyed the people , and there was no fragrance of virtue arising from them , but the rank odour of x .	down					
6824	If the boss says you 've got to work overtime , then there 's no x but to do so .	down					
11864	He was known to every x in the village .	down					
13872	You need to look in all x before crossing the street , even at a crosswalk when the light is green .	down					
15203	However Confederate arms buyers Captains Caleb Huse and James Bulloch contracted for all the x and revolvers the Armoury could produce .	down					
9962	The principal shook hands with each of the x .	down					
3215	Good wine needs no x .	down					
9215	This soup has no x .	down					
14586	She wept all the x .	down					
13914	There 's no one in the house . They 're all x .	down					
11207	He was known to every x in the village .	down					
14744	The robbers made away with all the x in the safe .	down					
14458	This shop sells articles of all x .	down					
737	I can not x the backyard . There is no x .	down					
11739	He was known to every x in the village .	down					
5850	I had no idea that you were x .	down					
4141	At the moment , I have no plans to x .	down					
6380	There were x no visual signs of spring .	down					
7349	There is no defense against an unexpected x .	down					
16697	I have hardly any English x .	down					
10135	Clinton , who tops every national poll of likely 2008 Democratic presidential x , has been criticized by many party activists for refusing to recant her 2002 vote authorizing military action in Iraq .	down					
17434	Tom has n't lost any x even though he says he 's been dieting .	down					
7293	There is no cure for x .	down					
9846	She makes a point of remembering x .	down					
5738	Tom told the doctor that he felt no x .	down					
6550	There is no x without the past .	down					
14655	Tom has been lucky all his x .	down					
12423	The name of this statesman is known to every x in Japan .	down					
10907	He was known to every x in the village .	down					
7256	If it were not for the sun , there would be no life on the x .	down					
7361	There is no defense against an unexpected x .	down					
16333	Our soccer team beat all the other teams in the x .	down					
2514	Good wine needs no x .	down					
12682	The name of this statesman is known to every x in Japan .	down					
5778	For a writer there is no dearth of x .	down					
6701	That makes no x at~all .	down					
14270	All the x forgot to read that book .	down					
6717	He is by no x stupid .	down					
10265	There is one rule that works in every x . The poor even help arrange it .	down					
16447	Tom did n't reply to any of Mary 's x .	down					
2302	There are no real x .	down					
13903	This afternoon when our grandmother who is hard of hearing gets company from an even more hard of hearing girlfriend , we will try to prevent them at all x from sitting in the garden , otherwise the whole neighbourhood will all at once know our business .	down					
16652	Tom did n't reply to any of Mary 's x .	down					
13768	Someone broke into my house and ran away with all of my x .	down					
12641	The name of this statesman is known to every x in Japan .	down					
4461	There is x .	down					
3843	Tom had no desire to kiss x .	down					
2240	He paid no x to my advice .	down					
11373	He was known to every x in the village .	down					
4948	No body except the x admires the x .	down					
16218	All x die . Tom is a man . Therefore , Tom will die .	down					
11682	He was known to every x in the village .	down					
1641	There are no books under the x .	down					
14846	Originally , Abraham Lincoln wanted all x to be deported to Africa or the Caribbean .	down					
15395	The child who ate almost all this x must be very fat .	down					
17166	The Welsh government has delayed x .	down					
7058	Tom has no x .	down					
5868	We had no unexpected x during our trip .	down					
2428	Good wine needs no x .	down					
8121	He has no sense of x .	down					
4732	There are no x in the room .	down					
9837	Tom has no x .	down					
12360	The name of this statesman is known to every x in Japan .	down					
894	I had to walk because there were no x .	down					
15639	He ate x .	down					
1110	In his pockets there is no pipe , no tobacco , and no tabacco x either .	down					
9365	There is no place like x .	down					
11786	He was known to every x in the village .	down					
12183	The name of this statesman is known to every x in Japan .	down					
12554	The name of this statesman is known to every x in Japan .	down					
5546	Everyone believes his story since there is no x to the contrary .	down					
15158	Gonzales offers a bike to all his x in Europe .	down					
17177	I have never had any x .	down					
7944	It makes no x to me who wins .	down					
4313	There shall be no x to my malicious plan .	down					
10415	He kissed every pretty girl at the x .	down					
15147	Gonzales offers a bike to all his x in Europe .	down					
7219	There is no dress x .	down					
10090	Tom brushes his teeth after every x .	down					
4662	There is no other way to understand the x .	down					
2571	Good wine needs no x .	down					
10749	He was known to every x in the village .	down					
7920	We have no x but to compromise .	down					
784	I can not x the backyard . There is no x .	down					
13385	The name of this statesman is known to every x in Japan .	down					
1627	There are no exceptions to this x .	down					
16201	All x die . Tom is a man . Therefore , Tom will die .	down					
7843	Half a loaf is better than no x .	down					
2797	Good wine needs no x .	down					
4286	Without science , there is no x .	down					
16110	All x die . Tom is a man . Therefore , Tom will die .	down					
4010	The efforts brought about no x .	down					
17736	He 's just as industrious as any other x when he 's in class .	down					
8256	There are no x in August .	down					
5044	There is no reason for such x .	down					
884	I had no trouble finding his x .	down					
12756	The name of this statesman is known to every x in Japan .	down					
15829	I respect all who always give it their x .	down					
2509	Good wine needs no x .	down					
10973	He was known to every x in the village .	down					
10169	A poet can survive x .	down					
388	The cabin had no water or x .	down					
4176	There is no access to the building from this x .	down					
5960	Pierre Beregovoy , until a month ago Prime Minister of France , apparently left no x when he shot himself on Saturday with a borrowed gun .	down					
12395	The name of this statesman is known to every x in Japan .	down					
6934	He had no difficulty solving the x .	down					
745	I can not x the backyard . There is no x .	down					
8996	I can not rinse the dishes . There is no x .	down					
10920	He was known to every x in the village .	down					
11839	He was known to every x in the village .	down					
3387	There is no excuse for your x .	down					
9991	He made sure that he was ready for the exam by studying every x .	down					
9847	She makes a point of remembering each one of our x .	down					
6350	Tom is no x .	down					
1925	The cat meant no x .	down					
5896	Pierre Beregovoy , until a month ago Prime Minister of France , apparently left no x when he shot himself on Saturday with a borrowed gun .	down					
9232	This soup has no x .	down					
16774	Tom was unable to produce any x to support his statement .	down					
978	There were no x in the Yukon .	down					
1781	There is x .	down					
5486	There is no sign of life on x .	down					
16068	All x die . Tom is a man . Therefore , Tom will die .	down					
7579	Tokyo wasted no time in taking x .	down					
6461	He said there was no life on x .	down					
7891	There is no x in this room .	down					
13065	The name of this statesman is known to every x in Japan .	down					
7427	There are no live x in the museum .	down					
11471	He was known to every x in the village .	down					
14310	In many countries it is normal for all television x to have subtitles .	down					
8455	I had no idea you were a x .	down					
10783	He was known to every x in the village .	down					
4548	I have tried to change my shyness but x .	down					
4806	There is no god but x . Muhammad is the messenger of x .	down					
15030	Mr. Smith is liked by all the x .	down					
10495	I cry every time I watch that x .	down					
17635	This screwdriver is too small to be any x .	down					
13111	The name of this statesman is known to every x in Japan .	down					
16318	The government are being criticised from all x .	down					
16546	Tom did n't reply to any of Mary 's x .	down					
10022	Every one but x laughed .	down					
7222	There is no dress x .	down					
2748	Good wine needs no x .	down					
12023	He was known to every x in the village .	down					
1295	God surveyed the people , and there was no fragrance of virtue arising from them , but the rank odour of x .	down					
3406	It makes no x to me whether you are rich or poor .	down					
7360	There is no defense against an unexpected x .	down					
697	I had no idea you were so x .	down					
15046	Mr. Smith is liked by all the x .	down					
14015	Jxck stopped txlking xll of x sudden when Mxry went into the room .	down					
17407	Tom has n't lost any x even though he says he 's been dieting .	down					
2386	I tried to get it , but to no x .	down					
5141	The individual stars in a constellation may appear to be very close to each~other , but in fact they can be separated by huge distances in space and have x .	down					
8611	There is no time to quarrel over such a x .	down					
2309	There are no real x .	down					
25	In nature there are neither rewards nor x .	down					
4637	Tom showed no x .	down					
9185	He makes no disguise of his x .	down					
15272	Tom soon realized that Mary had stolen all his x .	down					
14808	In his speech , he cast aspersions on all x except his own .	down					
3114	Good wine needs no x .	down					
17780	I thank you in advance for your kind cooperation and remain at your disposal for any x if necessary .	down					
8293	There are no x in August .	down					
17392	There are a lot of sentences without any x .	down					
5671	Tom said he was so full he had no room left for x .	down					
12539	The name of this statesman is known to every x in Japan .	down					
15469	The child who ate almost all this x must be very fat .	down					
12305	The name of this statesman is known to every x in Japan .	down					
657	We have no need for x .	down					
10360	She buys every thing she wants without paying attention to the x .	down					
12115	The name of this statesman is known to every x in Japan .	down					
2216	There is no x in the room .	down					
1361	I see no reason to continue this x .	down					
3270	There is no regular boat service to the x .	down					
3531	There is no need to reply to that x .	down					
6061	At the time there were no native English speakers teaching in any public x .	down					
10694	You may do every x but critizise me .	down					
13338	The name of this statesman is known to every x in Japan .	down					
2285	Tom made no such x .	down					
4206	Tom has no x at~all on Monday .	down					
2222	There is no x in the room .	down					
799	There are no beaches in this x .	down					
14795	In his speech , he cast aspersions on all x except his own .	down					
6542	I assume Tom is up to no x .	down					
8413	He has no less~than five English x .	down					
10556	We get paid on the third Friday of every x .	down					
8961	I can not rinse the dishes . There is no x .	down					
17437	Tom is irritating because he always has to have the last word in any x .	down					
12176	The name of this statesman is known to every x in Japan .	down					
5968	Pierre Beregovoy , until a month ago Prime Minister of France , apparently left no x when he shot himself on Saturday with a borrowed gun .	down					
7495	There is no x without exception .	down					
11319	He was known to every x in the village .	down					
16154	All x die . Tom is a man . Therefore , Tom will die .	down					
13221	The name of this statesman is known to every x in Japan .	down					
189	There were no x today .	down					
16056	All x die . Tom is a man . Therefore , Tom will die .	down					
17718	He 's just as industrious as any other x when he 's in class .	down					
10667	For every x there is an equal and opposite rex .	down					
4184	There is no access to the building from this x .	down					
17694	He 's just as industrious as any other x when he 's in class .	down					
5737	Tom told the doctor that he felt no x .	down					
1002	There were no x in the Yukon .	down					
13748	x belong to Tom .	down					
13877	You need to look in all x before crossing the street , even at a crosswalk when the light is green .	down					
22298	I need some body x .	up					
22486	There are some things we can change if we only x .	up					
24623	Some x are allergic to wheat .	up					
21707	Brian took some x .	up					
23799	The World~Court has no power to enforce its orders but its decisions have traditionally carried some diplomatic x .	up					
21559	There were some x in the classroom .	up					
23415	There were some x on the lake .	up					
19656	Tom has been here for some x .	up					
22206	Many of the text formulations arouse suspicion that the author failed to mention x .	up					
21308	Tom bought some x for Mary .	up					
22375	I need some x for my cereal .	up					
23568	Tom gave some x to his grandchildren .	up					
19677	Even though America is a developed country , it still has some very poor x .	up					
18061	Tom is buying some flowers for x .	up					
24489	He sang some old x .	up					
21376	Tom bought some x for Mary .	up					
23597	I know some most respectable x in the town .	up					
19232	We need to buy some dog x .	up					
20355	Tom and I have some unfinished x .	up					
21254	Tom bought some x for Mary .	up					
21253	Tom bought some x for Mary .	up					
19029	Tom asked Mary to go to the store to buy some x .	up					
24670	I do some x for Tom from~time~to~time .	up					
18562	Tom bought a bottle of vodka and some perfume at the duty-free x .	up					
21930	There are x .	up					
24198	Brian took some x .	up					
21856	There are some x that you are looking for that may be found .	up					
19398	I thought you might be hungry , so I made some x .	up					
19556	She bought some rye x .	up					
21874	He cut some x off the tree .	up					
18686	There are some cookies under the x .	up					
19913	There are some strange x in the zoo .	up					
24568	I got some x from an ATM .	up					
21301	Tom bought some x for Mary .	up					
24231	Brian took some x .	up					
19508	She bought some rye x .	up					
23722	I have to get some x .	up					
20091	We are thinking of buying some new x .	up					
18273	Some photos were printed in black and x .	up					
22637	I need some mental x .	up					
24437	My little~brother asked for some x .	up					
23540	Tom gave some x to his grandchildren .	up					
23655	Pfirsichbaeumchen knows some words in x .	up					
18108	I have some questions for x .	up					
18622	Tom bought a bottle of vodka and some perfume at the duty-free x .	up					
18753	I need some wholemeal x .	up					
23263	I need some x from you .	up					
24455	My little~brother asked for some x .	up					
18974	I need to buy x .	up					
24233	Brian took some x .	up					
24782	There is x .	up					
20310	Tom and I have some unfinished x .	up					
23995	Tom showed some x to Mary .	up					
23133	Emily is learning some x .	up					
18148	The farmer regretted having wasted some x .	up					
18905	I met some x while I was waiting for a bus .	up					
19162	Tom has some very important things he needs to do right x .	up					
21447	There were some x in the classroom .	up					
22951	There seems to be some genetic problem with this x .	up					
20188	I bought some x on the way home from work .	up					
20001	The accident cost some x their lives .	up					
21820	Brian took some x .	up					
20857	Tom bought some x for Mary .	up					
22328	I know some x in that school .	up					
20384	I saw some people x in the river .	up					
23195	He was very thirsty and asked for some x .	up					
22043	I just wish I could have some alone time with x .	up					
21021	Tom bought some x for Mary .	up					
24494	He sang some old x .	up					
22821	The old man ate some rice x .	up					
19385	I thought you might be hungry , so I made some x .	up					
20757	Tom bought some apples and made apple x .	up					
18151	The farmer regretted having wasted some x .	up					
20283	Tom was hiding in some x .	up					
19151	He thrust some x into my pocket .	up					
21781	Brian took some x .	up					
20497	Tom opened his suitcase again and put some more x in .	up					
18081	Tom opened the freezer and got some ice for his x .	up					
23746	There was a commotion when store security guards detained x .	up					
18077	Tom opened the freezer and got some ice for his x .	up					
18579	Tom bought a bottle of vodka and some perfume at the duty-free x .	up					
24239	Brian took some x .	up					
21036	Tom bought some x for Mary .	up					
22759	It rains in some x .	up					
19845	My doctor told me that I needed to lose some x .	up					
24741	Tom ordered some x .	up					
20425	There must be some x .	up					
19176	I have some good news to x .	up					
18891	I met some x while I was waiting for a bus .	up					
23535	Tom gave some x to his grandchildren .	up					
21121	Tom bought some x for Mary .	up					
23426	There were some x on the lake .	up					
24739	Tom ordered some x .	up					
22544	She took some x from the plate .	up					
19590	She bought some rye x .	up					
22732	It rains in some x .	up					
21664	The police conducted an offensive against some drug x .	up					
22036	I just wish I could have some alone time with x .	up					
18636	Tom bought a bottle of vodka and some perfume at the duty-free x .	up					
21838	I know some of the x .	up					
24282	Tom can also speak some x .	up					
24646	I do some x for Tom from~time~to~time .	up					
21311	Tom bought some x for Mary .	up					
24882	Some x were playing frisbee near the pond .	up					
22796	There are some foreign workers in my x as well .	up					
22879	There seems to be some genetic problem with this x .	up					
24661	I do some x for Tom from~time~to~time .	up					
19157	He thrust some x into my pocket .	up					
20974	Tom bought some x for Mary .	up					
20213	I bought some x on the way home from work .	up					
23302	Tom bought some x .	up					
19585	She bought some rye x .	up					
19107	Tom was thirsty and asked for some x .	up					
18012	Alexander wrote some x in Berber .	up					
18358	If you need some x , just inquire the higher ranking official .	up					
23823	Today I had some kipper for x .	up					
22736	It rains in some x .	up					
17941	Each of the three boys got a x .	up					
24651	I do some x for Tom from~time~to~time .	up					
22245	Tom earned some x by mowing lawns .	up					
23435	There were some x on the lake .	up					
22694	I have some x , but never very much ...	up					
18514	Tom bought a bottle of vodka and some perfume at the duty-free x .	up					
23215	Tom borrowed some x from Mary .	up					
20888	Tom bought some x for Mary .	up					
18690	There are some cookies under the x .	up					
24344	There are some x in the room .	up					
24621	Some x are allergic to wheat .	up					
22788	There are some foreign workers in my x as well .	up					
24142	Brian took some x .	up					
21508	There were some x in the classroom .	up					
23662	Pfirsichbaeumchen knows some words in x .	up					
19019	Tom asked Mary to go to the store to buy some x .	up					
24811	There is some coal in the x .	up					
18752	I need some wholemeal x .	up					
18178	The mice ate some of the x .	up					
18262	The mice ate some of the x .	up					
20643	Tom bought some apples and made apple x .	up					
24316	There are some x in the room .	up					
20019	There was x in the cake .	up					
19242	We need to buy some dog x .	up					
22574	The poachers stole some turtle x .	up					
20648	Tom bought some apples and made apple x .	up					
24207	Brian took some x .	up					
20934	Tom bought some x for Mary .	up					
20268	I bought some x on the way home from work .	up					
23549	Tom gave some x to his grandchildren .	up					
18069	Tom is buying some flowers for x .	up					
24687	I do some x for Tom from~time~to~time .	up					
23037	On the other hand , there are some x .	up					
18822	Peter has been trying to find a new apartment for some x .	up					
18452	If you need some x , just inquire the higher ranking official .	up					
22028	I just wish I could have some alone time with x .	up					
21648	I have heard of this song some x ago .	up					
19300	We need to buy some dog x .	up					
23514	Tom gave some x to his grandchildren .	up					
22805	There are some foreign workers in my x as well .	up					
23920	Some of the x was stolen .	up					
20036	There was some taste of x in the cake .	up					
24939	All the students study x .	up					
19289	We need to buy some dog x .	up					
24243	Brian took some x .	up					
19243	We need to buy some dog x .	up					
21881	For some strange x I talk to me dogs with an Irish accent .	up					
19204	The teacher enjoyed talking with x .	up					
21798	Brian took some x .	up					
24035	Tom had some gum stuck on the bottom of one of his x .	up					
24311	There are some x in the room .	up					
24098	There are some oranges on the x .	up					
20325	Tom and I have some unfinished x .	up					
18503	Tom bought a bottle of vodka and some perfume at the duty-free x .	up					
22798	There are some foreign workers in my x as well .	up					
18119	I have some questions for x .	up					
23119	El-Nashar was detained July 14 in Cairo after Britain notified Egyptian authorities that it suspected he may have had links to some of the x .	up					
19752	I need some x with my work .	up					
21663	The police conducted an offensive against some drug x .	up					
24938	All the students study x .	up					
19261	We need to buy some dog x .	up					
22049	I just wish I could have some alone time with x .	up					
18540	Tom bought a bottle of vodka and some perfume at the duty-free x .	up					
19743	I need some x with my work .	up					
20645	Tom bought some apples and made apple x .	up					
20368	I saw some people x in the river .	up					
18669	There are some cookies under the x .	up					
19152	He thrust some x into my pocket .	up					
22417	Instead of ink there was some kind of strange x in the bottle .	up					
19391	I thought you might be hungry , so I made some x .	up					
22495	There are some things we can change if we only x .	up					
19956	There are some strange x in the zoo .	up					
23786	The World~Court has no power to enforce its orders but its decisions have traditionally carried some diplomatic x .	up					
24121	There are some x in the basket .	up					
20514	Tom opened his suitcase again and put some more x in .	up					
19623	French is spoken in France and in x .	up					
24445	My little~brother asked for some x .	up					
23543	Tom gave some x to his grandchildren .	up					
19077	Tom asked Mary to go to the store to buy some x .	up					
18128	I have some questions for x .	up					
19165	There were some ink spots on the book x .	up					
22359	I need some x to think about it .	up					
21366	Tom bought some x for Mary .	up					
21603	Tom talked Mary into donating some x .	up					
21285	Tom bought some x for Mary .	up					
18368	If you need some x , just inquire the higher ranking official .	up					
19890	There are some strange x in the zoo .	up					
19504	She bought some rye x .	up					
22289	I need some body x .	up					
22125	Tom gave some x to the cat .	up					
22070	I just wish I could have some alone time with x .	up					
20262	I bought some x on the way home from work .	up					
23455	There were some x on the lake .	up					
20152	Tom just wanted some x .	up					
19045	Tom asked Mary to go to the store to buy some x .	up					
22044	I just wish I could have some alone time with x .	up					
21220	Tom bought some x for Mary .	up					
22965	There seems to be some genetic problem with this x .	up					
23186	I told Tom I needed some x .	up					
18130	I have some questions for x .	up					
21938	I bought x .	up					
24021	Tom had some gum stuck on the bottom of one of his x .	up					
20690	Tom bought some apples and made apple x .	up					
20664	Tom bought some apples and made apple x .	up					
23891	The pan suddenly caught fire while I was frying x yesterday .	up					
22414	We showed him x .	up					
23794	The World~Court has no power to enforce its orders but its decisions have traditionally carried some diplomatic x .	up					
22425	There are some things we can change if we only x .	up					
23590	I know some most respectable x in the town .	up					
20513	Tom opened his suitcase again and put some more x in .	up					
18832	In the last weeks , there has been some strong x .	up					
22733	It rains in some x .	up					
20620	She bought some x yesterday .	up					
21199	Tom bought some x for Mary .	up					
24213	Brian took some x .	up					
20441	Tom went to meet some x named Mary .	up					
20656	Tom bought some apples and made apple x .	up					
24368	There are some x in the room .	up					
19421	I thought you might be hungry , so I made some x .	up					
23479	Tom gave some x to his grandchildren .	up					
20503	Tom opened his suitcase again and put some more x in .	up					
18700	There are some cookies under the x .	up					
22613	Tom took some artistic x .	up					
21546	There were some x in the classroom .	up					
21716	Brian took some x .	up					
19946	There are some strange x in the zoo .	up					
20889	Tom bought some x for Mary .	up					
18955	You have provided me with some very useful x .	up					
20679	Tom bought some apples and made apple x .	up					
23644	After taking a bath , I drank some soft x .	up					
23216	Tom borrowed some x from Mary .	up					
23070	El-Nashar was detained July 14 in Cairo after Britain notified Egyptian authorities that it suspected he may have had links to some of the x .	up					
18609	Tom bought a bottle of vodka and some perfume at the duty-free x .	up					
19645	Some x say French is easy to learn .	up					
18255	The mice ate some of the x .	up					
19000	Tom asked Mary to go to the store to buy some x .	up					
24003	Tom showed some x to Mary .	up					
19643	Some people say French is easy to x .	up					
23110	El-Nashar was detained July 14 in Cairo after Britain notified Egyptian authorities that it suspected he may have had links to some of the x .	up					
23316	Tom bought some x .	up					
23047	Some animals , as tigers , eat x .	up					
23934	Tom picked some x and ate them .	up					
20157	Tom just wanted some x .	up					
23873	Tom stole some x from Mary .	up					
23762	I want to eat some x first .	up					
21570	Shakespeare , whose plays are world-famous , lived some four~hundred x ago .	up					
23609	Tom took some x out of his pocket .	up					
24358	There are some x in the room .	up					
24484	My little~brother asked for some x .	up					
20460	Tom went to meet some girl named x .	up					
24290	Tom can also speak some x .	up					
23250	I know he knows some x .	up					
17914	Each player on the team has his own x .	up					
22325	I know some x in that school .	up					
19127	He thrust some x into my pocket .	up					
23363	Tom bought some x .	up					
19342	I thought you might be hungry , so I made some x .	up					
23170	A series of projects with the objective of finding solutions to some of the consequences of the Chernobyl x have been carried out within the framework of the UNESCO Chernobyl Programme . The IHP organized a workshop to review and compare present knowledge of radionuclide transfer in the hydrological cycle .	up					
18329	I withdrew some x from the bank for my trip .	up					
19871	There are some strange x in the zoo .	up					
17990	Every ship needs an x .	up					
19558	She bought some rye x .	up					
23494	Tom gave some x to his grandchildren .	up					
19239	We need to buy some dog x .	up					
21742	Brian took some x .	up					
18981	I need to buy some rat x .	up					
19163	Tom has some very important things he needs to do right x .	up					
21818	Brian took some x .	up					
19286	We need to buy some dog x .	up					
24486	My little~brother asked for some x .	up					
22634	I need some mental x .	up					
20918	Tom bought some x for Mary .	up					
23317	Tom bought some x .	up					
22038	I just wish I could have some alone time with x .	up					
17962	Each building has a x .	up					
19979	There are some strange x in the zoo .	up					
20405	Tom told Mary to buy some coffee and x .	up					
18145	The farmer regretted having wasted some x .	up					
23470	Tom gave some x to his grandchildren .	up					
17911	The explanation of each fact took a long x .	up					
23649	Pfirsichbaeumchen knows x .	up					
18894	I met some x while I was waiting for a bus .	up					
19674	Even though America is a developed country , it still has some very poor x .	up					
23687	I have to get some x .	up					
20357	Tom and I have some unfinished x .	up					
19444	I 'd love to be able to wear a dress like that . But I 'll have to lose some x first .	up					
18705	There are some cookies under the x .	up					
18496	Tom bought a bottle of vodka and some perfume at the duty-free x .	up					
21758	Brian took some x .	up					
23131	Emily is learning some x .	up					
17974	Every cause produces more than one x .	up					
18246	The mice ate some of the x .	up					
18248	The mice ate some of the x .	up					
18380	If you need some x , just inquire the higher ranking official .	up					
18161	Closer examination revealed that the skull had been crushed by x .	up					
21213	Tom bought some x for Mary .	up					
20131	We are thinking of buying some new x .	up					
22753	It rains in some x .	up					
18871	I met some x while I was waiting for a bus .	up					
23157	The doctor prescribed some medicine for her x .	up					
21145	Tom bought some x for Mary .	up					
18882	I met some x while I was waiting for a bus .	up					
19435	I 'd love to be able to wear a dress like that . But I 'll have to lose some x first .	up					
22412	Thomas , make some x !	up					
23459	There were some x on the lake .	up					
20281	Tom was hiding in some x .	up					
18754	I need some wholemeal x .	up					
19078	Tom asked Mary to go to the store to buy some x .	up					
22793	There are some foreign workers in my x as well .	up					
22956	There seems to be some genetic problem with this x .	up					
19930	There are some strange x in the zoo .	up					
19607	I want to buy some dark x .	up					
21143	Tom bought some x for Mary .	up					
19305	We need to buy some dog x .	up					
21902	If you need some more x , our study needs a good clean out !	up					
23978	Tom showed some x to Mary .	up					
21103	Tom bought some x for Mary .	up					
23218	Your garden needs some x .	up					
20427	Tom went to meet some girl named x .	up					
21513	There were some x in the classroom .	up					
18279	Some photos were printed in black and x .	up					
23579	Tom gave some x to his grandchildren .	up					
24179	Brian took some x .	up					
22088	I just wish I could have some alone time with x .	up					
22272	There is some milk left in the x .	up					
19122	He thrust some x into my pocket .	up					
19559	She bought some rye x .	up					
21605	Tom talked Mary into donating some x .	up					
23718	I have to get some x .	up					
22559	I think you need some x .	up					
22905	There seems to be some genetic problem with this x .	up					
19621	I want to buy some dark x .	up					
20705	Tom bought some apples and made apple x .	up					
18761	I need some wholemeal x .	up					
22932	There seems to be some genetic problem with this x .	up					
22628	In front of the university , there are some x .	up					
21653	The police conducted an offensive against some drug x .	up					
20884	Tom bought some x for Mary .	up					
24420	She gave a x some milk .	up					
18092	Tom opened the freezer and got some ice for his x .	up					
22918	There seems to be some genetic problem with this x .	up					
23651	Pfirsichbaeumchen knows some words in x .	up					
19468	I 'd love to be able to wear a dress like that . But I 'll have to lose some x first .	up					
18559	Tom bought a bottle of vodka and some perfume at the duty-free x .	up					
23943	Tom picked some x and ate them .	up					
18565	Tom bought a bottle of vodka and some perfume at the duty-free x .	up					
22775	There are x in the basket .	up					
23269	I need some x from you .	up					
20297	Tom and I have some unfinished x .	up					
19935	There are some strange x in the zoo .	up					
23305	Tom bought some x .	up					
23877	Tom stole some x from Mary .	up					
18393	If you need some x , just inquire the higher ranking official .	up					
22707	It rains in some x .	up					
18046	Tom is buying some flowers for x .	up					
18833	In the last weeks , there has been some strong x .	up					
21424	She drowned herself in some x .	up					
21064	Tom bought some x for Mary .	up					
20098	We are thinking of buying some new x .	up					
20083	We are thinking of buying some new x .	up					
22400	Thomas , make some x !	up					
20794	Tom bought some apples and made apple x .	up					
23231	Your garden needs some x .	up					
23594	I know some most respectable x in the town .	up					
24902	All these books are x .	up					
18146	The farmer regretted having wasted some x .	up					
18977	I need to buy some rat x .	up					
24817	Tom bought x some chocolates .	up					
23427	There were some x on the lake .	up					
18152	The farmer regretted having wasted some x .	up					
18706	There are some cookies under the x .	up					
24015	I made some bunny-shaped x .	up					
23024	On the other hand , there are some x .	up					
18315	I withdrew some x from the bank for my trip .	up					
19102	Tom was thirsty and asked for some x .	up					
23997	Tom showed some x to Mary .	up					
20717	Tom bought some apples and made apple x .	up					
19490	I was buying some x from the xtore .	up					
20501	Tom opened his suitcase again and put some more x in .	up					
18596	Tom bought a bottle of vodka and some perfume at the duty-free x .	up					
24596	Tom bought some x for his aquarium .	up					
23536	Tom gave some x to his grandchildren .	up					
25864	Perhaps we can come to some arrangement that works for both of x .	up					
21083	Tom bought some x for Mary .	up					
23571	Tom gave some x to his grandchildren .	up					
24638	She is living in some x in India .	up					
19135	He thrust some x into my pocket .	up					
23950	Tom picked some x and ate them .	up					
18810	I left some x out on the veranda for too long and they dried out .	up					
22068	I just wish I could have some alone time with x .	up					
24703	Some poems were also written by x .	up					
24382	There are some x in the room .	up					
19428	Gardening has been popular for some x .	up					
17944	Each of the three boys got a x .	up					
21703	I need some x to think .	up					
22356	I need some x to think about it .	up					
20944	Tom bought some x for Mary .	up					
22914	There seems to be some genetic problem with this x .	up					
22558	I wrote some poems last x .	up					
22597	Tom gave Mary some good x .	up					
23321	Tom bought some x .	up					
18678	There are some cookies under the x .	up					
18983	I think tx has been some misunderstanding x .	up					
17924	Each of the three boys won a x .	up					
20070	We are thinking of buying some new x .	up					
23114	El-Nashar was detained July 14 in Cairo after Britain notified Egyptian authorities that it suspected he may have had links to some of the x .	up					
18985	There were some x there .	up					
20245	I bought some x on the way home from work .	up					
23203	He was very thirsty and asked for some x .	up					
20073	We are thinking of buying some new x .	up					
20984	Tom bought some x for Mary .	up					
20329	Tom and I have some unfinished x .	up					
23952	Tom picked some x and ate them .	up					
21281	Tom bought some x for Mary .	up					
20667	Tom bought some apples and made apple x .	up					
21806	Brian took some x .	up					
24366	There are some x in the room .	up					
17910	The explanation of each fact took a long x .	up					
24386	There are some x in the room .	up					
20721	Tom bought some apples and made apple x .	up					
23525	Tom gave some x to his grandchildren .	up					
20467	I just bought some x .	up					
19910	There are some strange x in the zoo .	up					
24949	Both roads lead to the x .	up					
22444	There are some things we can change if we only x .	up					
22648	Some people are difficult to x .	up					
17945	Each boy has received his x .	up					
23108	El-Nashar was detained July 14 in Cairo after Britain notified Egyptian authorities that it suspected he may have had links to some of the x .	up					
18340	There are some x in the box .	up					
18668	There are some cookies under the x .	up					
22192	Silence makes some x nervous .	up					
18386	If you need some x , just inquire the higher ranking official .	up					
23484	Tom gave some x to his grandchildren .	up					
21843	I know some of the x .	up					
22216	I put some x in my coffee .	up					
19984	There are some strange x in the zoo .	up					
23737	I have to get some x .	up					
19240	We need to buy some dog x .	up					
24744	Tom ordered some x .	up					
22617	Tom took some artistic x .	up					
22182	After I have had time to give some x to the matter , I will call you .	up					
19006	Tom asked Mary to go to the store to buy some x .	up					
18599	Tom bought a bottle of vodka and some perfume at the duty-free x .	up					
23210	Tom borrowed some x from Mary .	up					
22604	Tom took some artistic x .	up					
22016	I think you need some x .	up					
21174	Tom bought some x for Mary .	up					
18392	If you need some x , just inquire the higher ranking official .	up					
21382	Tom bought some x for Mary .	up					
23956	Tom picked some x and ate them .	up					
20702	Tom bought some apples and made apple x .	up					
18958	You have provided me with some very useful x .	up					
17956	Each boy has received his x .	up					
18826	In the last weeks , there has been x .	up					
18002	I met some x on the mountain .	up					
20897	Tom bought some x for Mary .	up					
22023	I just wish I could have some alone time with x .	up					
20149	There is no rule , but there are some x .	up					
21478	There were some x in the classroom .	up					
24161	Brian took some x .	up					
17964	Every fox praises its x .	up					
24779	Tom ordered some x .	up					
22434	There are some things we can change if we only x .	up					
24008	Tom showed some x to Mary .	up					
20901	Tom bought some x for Mary .	up					
19172	I have some good news to x .	up					
24692	Tom was carrying some shopping~x .	up					
21847	Mr Yamaha gave some x to a beggar .	up					
20037	There was some taste of x in the cake .	up					
23699	I have to get some x .	up					
24229	Brian took some x .	up					
23789	The World~Court has no power to enforce its orders but its decisions have traditionally carried some diplomatic x .	up					
24778	Tom ordered some x .	up					
21292	Tom bought some x for Mary .	up					
24706	Some poems were also written by x .	up					
23236	Your garden needs some x .	up					
21074	Tom bought some x for Mary .	up					
22000	I had some trouble in finding his x .	up					
20428	Tom went to meet some girl named x .	up					
22831	There is no rule but has some x .	up					
23821	Today I had some kipper for x .	up					
19835	My doctor told me that I needed to lose some x .	up					
